,precision,recall,f1-score,support
angry,0.3727810650887574,0.9921259842519685,0.5419354838709678,127.0
fear,0.16666666666666666,0.057971014492753624,0.08602150537634408,69.0
happy,0.25,0.056338028169014086,0.09195402298850576,71.0
neutral,0.43333333333333335,0.16455696202531644,0.23853211009174313,79.0
sad,0.0,0.0,0.0,62.0
accuracy,0.3602941176470588,0.3602941176470588,0.3602941176470588,0.3602941176470588
macro avg,0.2445562130177515,0.2541983977878105,0.19168862446551216,408.0
weighted avg,0.2716336485284449,0.3602941176470588,0.24542662414708888,408.0
