,precision,recall,f1-score,support
angry,0.46589259796806964,0.6173076923076923,0.5310173697270472,520.0
fear,0.20046082949308755,0.5272727272727272,0.2904841402337229,165.0
happy,0.0,0.0,0.0,130.0
neutral,0.0,0.0,0.0,153.0
sad,0.0,0.0,0.0,155.0
accuracy,0.3633125556544969,0.3633125556544969,0.3633125556544969,0.3633125556544969
macro avg,0.13327068549223145,0.22891608391608392,0.164300301992154,1123.0
weighted avg,0.24518271398909677,0.3633125556544969,0.28856537435140583,1123.0
