,precision,recall,f1-score,support
angry,0.1933534743202417,0.3033175355450237,0.23616236162361626,211.0
fear,0.425531914893617,0.39215686274509803,0.4081632653061224,153.0
happy,0.2686084142394822,0.535483870967742,0.3577586206896552,155.0
neutral,0.20588235294117646,0.04294478527607362,0.07106598984771574,163.0
sad,0.8461538461538461,0.07534246575342465,0.13836477987421383,146.0
accuracy,0.2717391304347826,0.2717391304347826,0.2717391304347826,0.2717391304347826
macro avg,0.38790600050967267,0.2698491040574724,0.24230300346826467,828.0
weighted avg,0.36791733736145826,0.2717391304347826,0.24096236510643623,828.0
