,precision,recall,f1-score,support
angry,0.375,1.0,0.5454545454545454,360.0
fear,0.0,0.0,0.0,120.0
happy,0.0,0.0,0.0,180.0
neutral,0.0,0.0,0.0,180.0
sad,0.0,0.0,0.0,120.0
accuracy,0.375,0.375,0.375,0.375
macro avg,0.075,0.2,0.10909090909090909,960.0
weighted avg,0.140625,0.375,0.20454545454545453,960.0
