,precision,recall,f1-score,support
angry,0.35396039603960394,0.7944444444444444,0.4897260273972602,180.0
fear,0.13636363636363635,0.15,0.14285714285714282,60.0
happy,0.0,0.0,0.0,60.0
neutral,0.0,0.0,0.0,120.0
sad,0.0,0.0,0.0,60.0
accuracy,0.31666666666666665,0.31666666666666665,0.31666666666666665,0.31666666666666665
macro avg,0.09806480648064805,0.18888888888888888,0.1265166340508806,480.0
weighted avg,0.14978060306030602,0.31666666666666665,0.20150440313111542,480.0
