,precision,recall,f1-score,support
angry,0.0,0.0,0.0,60.0
fear,0.0,0.0,0.0,60.0
happy,0.2857142857142857,0.36666666666666664,0.32116788321167883,60.0
neutral,0.2967032967032967,0.225,0.2559241706161137,120.0
sad,0.18421052631578946,0.5833333333333334,0.27999999999999997,60.0
accuracy,0.23333333333333334,0.23333333333333334,0.23333333333333334,0.23333333333333334
macro avg,0.15332562174667436,0.23500000000000001,0.17141841076555853,360.0
weighted avg,0.17722190090611142,0.23333333333333334,0.1855027040739844,360.0
