,precision,recall,f1-score,support
angry,0.2634146341463415,0.84375,0.40148698884758366,192.0
fear,0.18518518518518517,0.052083333333333336,0.08130081300813008,192.0
happy,0.19718309859154928,0.07291666666666667,0.1064638783269962,192.0
neutral,0.24545454545454545,0.28125,0.2621359223300971,96.0
sad,0.5714285714285714,0.041666666666666664,0.07766990291262137,192.0
accuracy,0.25578703703703703,0.25578703703703703,0.25578703703703703,0.25578703703703703
macro avg,0.2925332069612386,0.25833333333333336,0.18581150108508565,864.0
weighted avg,0.29776416935087113,0.25578703703703703,0.17733100983563996,864.0
