,precision,recall,f1-score,support
angry,0.5005643340857788,0.9356540084388185,0.6522058823529412,948.0
fear,0.1,0.003968253968253968,0.007633587786259542,252.0
happy,0.22058823529411764,0.05952380952380952,0.09374999999999999,252.0
neutral,0.35714285714285715,0.08012820512820513,0.13089005235602094,312.0
sad,0.0,0.0,0.0,156.0
accuracy,0.48333333333333334,0.48333333333333334,0.48333333333333334,0.48333333333333334
macro avg,0.23565908530455074,0.21585485541181743,0.17689590449904433,1920.0
weighted avg,0.34726656012292056,0.48333333333333334,0.35660288381656463,1920.0
