,precision,recall,f1-score,support
angry,0.4805194805194805,0.24088541666666666,0.32090199479618386,768.0
fear,0.0,0.0,0.0,192.0
happy,0.09523809523809523,0.4583333333333333,0.15770609318996415,192.0
neutral,0.016666666666666666,0.010416666666666666,0.012820512820512818,192.0
sad,0.0,0.0,0.0,96.0
accuracy,0.1909722222222222,0.1909722222222222,0.1909722222222222,0.1909722222222222
macro avg,0.11848484848484848,0.14192708333333331,0.09828572016133216,1440.0
weighted avg,0.27119769119769116,0.1909722222222222,0.19388461135936166,1440.0
