,precision,recall,f1-score,support
angry,0.2646048109965636,0.6111111111111112,0.3693045563549161,252.0
fear,0.18333333333333332,0.04365079365079365,0.07051282051282051,252.0
happy,0.291005291005291,0.21825396825396826,0.24943310657596368,252.0
neutral,0.24324324324324326,0.2916666666666667,0.26526315789473687,216.0
sad,0.3358208955223881,0.17857142857142858,0.23316062176165805,252.0
accuracy,0.2679738562091503,0.2679738562091503,0.2679738562091503,0.2679738562091503
macro avg,0.2636015148201638,0.2686507936507937,0.23753485262001903,1224.0
weighted avg,0.2642002875136027,0.2679738562091503,0.23671931422958617,1224.0
