,precision,recall,f1-score,support
angry,0.30120481927710846,0.2976190476190476,0.29940119760479045,84.0
fear,0.30569948186528495,0.7023809523809523,0.4259927797833935,84.0
happy,0.38333333333333336,0.27380952380952384,0.3194444444444444,84.0
neutral,0.4,0.09523809523809523,0.15384615384615385,84.0
sad,0.484375,0.36904761904761907,0.41891891891891897,84.0
accuracy,0.3476190476190476,0.3476190476190476,0.3476190476190476,0.3476190476190476
macro avg,0.3749225268951453,0.3476190476190476,0.32352069891954016,420.0
weighted avg,0.3749225268951453,0.3476190476190476,0.32352069891954016,420.0
