,precision,recall,f1-score,support
angry,0.43130434782608695,0.9841269841269841,0.5997581620314388,252.0
fear,0.0,0.0,0.0,84.0
happy,0.0,0.0,0.0,84.0
neutral,0.0,0.0,0.0,84.0
sad,0.0,0.0,0.0,84.0
accuracy,0.4217687074829932,0.4217687074829932,0.4217687074829932,0.4217687074829932
macro avg,0.08626086956521739,0.19682539682539682,0.11995163240628777,588.0
weighted avg,0.18484472049689443,0.4217687074829932,0.257039212299188,588.0
