,precision,recall,f1-score,support
angry,0.5009345794392523,1.0,0.6674968866749689,268.0
fear,0.0,0.0,0.0,81.0
happy,0.0,0.0,0.0,46.0
neutral,0.0,0.0,0.0,69.0
sad,0.0,0.0,0.0,71.0
accuracy,0.5009345794392523,0.5009345794392523,0.5009345794392523,0.5009345794392523
macro avg,0.10018691588785048,0.2,0.13349937733499379,535.0
weighted avg,0.25093545287798064,0.5009345794392523,0.33437227220353577,535.0
